AG,AG_NAME,REG_BEZIRK,EBENE,EBENE_ID,AGS,EBENE_NAME,Einwohner,Versorgungsgrad,Kassensitze,Kassensitz/100.000Einwohner,Personen,Ärztliche Psychotherapeuten,Psychologische Psychotherapeuten,Kinder- u. Jugendlichenpsychotherapeuten,weiblich,weiblich anteil,männlich,männlich anteil,über 60,über 60 Anteil,Durchschnittliches Alter,Anteil unter 45,Anteil 45-50,Anteil 50-55,Anteil 55-60,Anteil >60,ST,Versorgungsgrad1,Soderzulassung,Wartezeiten,Wartezeit genau
AV0500,Psychotherapeuten,Bayern,Bundesland,71,#NV,Bayern,#NV,,"4040,341667",,6735,0,0,0,5168,77,1567,23,2428,"36,1","53,3","30,5","10,8",11,"11,6","36,1",30.01.2025,ausreichend versorgt,,#NV,
AV0500,Psychotherapeuten,Oberbayern,Bezirke,64,#NV,Oberbayern,#NV,,"1894,666667",,3278,0,0,0,2517,77,761,23,1287,"39,3","54,7",27,"10,3","11,4","12,1","39,3",30.01.2025,ausreichend versorgt,,#NV,
AV0500,Psychotherapeuten,Oberfranken,Bezirke,65,#NV,Oberfranken,#NV,,"241,25",,380,0,0,0,290,76,90,24,114,30,"51,4","35,3","11,8","12,1","10,8",30,30.01.2025,ausreichend versorgt,,#NV,
AV0500,Psychotherapeuten,Mittelfranken,Bezirke,66,#NV,Mittelfranken,#NV,,"563,2",,935,0,0,0,730,78,205,22,311,"33,3","52,3","31,6","11,6","11,4","12,2","33,3",30.01.2025,ausreichend versorgt,,#NV,
AV0500,Psychotherapeuten,Unterfranken,Bezirke,67,#NV,Unterfranken,#NV,,"342,9",,562,0,0,0,427,76,135,24,173,"30,8","51,7","35,2","13,5","8,5","11,9","30,8",30.01.2025,ausreichend versorgt,,#NV,
AV0500,Psychotherapeuten,Oberpfalz,Bezirke,68,#NV,Oberpfalz,#NV,,"290,4",,473,0,0,0,370,78,103,22,151,"31,9","51,1","36,8","11,4","10,4","9,5","31,9",30.01.2025,ausreichend versorgt,,#NV,
AV0500,Psychotherapeuten,Niederbayern,Bezirke,69,#NV,Niederbayern,#NV,,"259,875",,403,0,0,0,304,75,99,25,121,30,"51,3","37,7","10,4","8,7","13,2",30,30.01.2025,ausreichend versorgt,,#NV,
AV0500,Psychotherapeuten,Schwaben,Bezirke,70,#NV,Schwaben,#NV,,"448,05",,737,0,0,0,556,75,181,25,278,"37,7","53,1","31,3","9,6","11,9","9,4","37,7",30.01.2025,ausreichend versorgt,,#NV,
AV0500,Psychotherapeuten,Oberbayern,PB,916100,09161,SK Ingolstadt,142308,"111,86","51,5","36,19",80,11,48,25,59,74,21,26,23,"28,8","51,63",35,"12,5","11,3","12,5","28,8",30.01.2025,überversorgt,,100-114,112
AV0500,Psychotherapeuten,Oberbayern,PB,916200,09162,SK München,1510378,"220,54","1054,95","69,85",1873,364,1213,309,1438,77,435,23,758,"40,5","54,98","27,3","10,1","11,1","11,1","40,5",30.01.2025,überversorgt,,80-84,82
AV0500,Psychotherapeuten,Oberbayern,PB,916301,09187,KR Rosenheim,333583,"166,57","93,5","28,03",171,47,89,35,126,74,45,26,69,"40,4","55,26","21,1","13,5","11,7","13,5","40,4",30.01.2025,überversorgt,,85-99,90
AV0500,Psychotherapeuten,Oberbayern,PB,916301,09163,KR Rosenheim,333583,"166,57","93,5","28,03",171,47,89,35,126,74,45,26,69,"40,4","55,26","21,1","13,5","11,7","13,5","40,4",30.01.2025,überversorgt,,85-99,90
AV0500,Psychotherapeuten,Oberbayern,PB,917100,09171,LK Altötting,114459,"120,66",23,"20,09",44,7,30,8,32,73,12,27,14,"31,8","51,14","34,1","20,5","6,8","6,8","31,8",30.01.2025,überversorgt,,100-114,104
AV0500,Psychotherapeuten,Oberbayern,PB,917300,09173,LK Bad Tölz-Wolfratshausen,130182,"149,03","30,7","23,58",52,9,29,14,35,67,17,33,21,"40,4","54,96","19,2","9,6",25,"5,8","40,4",30.01.2025,überversorgt,,100-114,100
AV0500,Psychotherapeuten,Oberbayern,PB,917200,09172,LK Berchtesgadener Land,108315,"132,59",24,"22,16",45,4,28,13,35,78,10,22,15,"33,3","54,38","22,2","15,6","6,7","22,2","33,3",30.01.2025,überversorgt,,85-99,86
AV0500,Psychotherapeuten,Oberbayern,PB,917400,09174,LK Dachau,157813,"318,7","78,7","49,87",120,8,88,27,91,76,29,24,54,45,"55,94","24,2",5,"8,3","17,5",45,30.01.2025,überversorgt,,85-99,85
AV0500,Psychotherapeuten,Oberbayern,PB,917500,09175,LK Ebersberg,147559,"137,95","30,5","20,67",54,8,30,17,42,78,12,22,25,"46,3","54,98","25,9","14,8","9,3","3,7","46,3",30.01.2025,überversorgt,,85-99,92
AV0500,Psychotherapeuten,Oberbayern,PB,917600,09176,LK Eichstätt,133338,"114,48","24,166667","18,12",41,4,28,9,28,68,13,32,13,"31,7","51,93","31,7","14,6","12,2","9,8","31,7",30.01.2025,überversorgt,Kinder- und Jugendlichenpsychotherapie,100-114,112
AV0500,Psychotherapeuten,Oberbayern,PB,917700,09177,LK Erding,142540,"113,53",25,"17,54",41,6,20,16,28,68,13,32,17,"41,5","52,49","43,9","4,9","9,8",0,"41,5",30.01.2025,überversorgt,,85-99,97
AV0500,Psychotherapeuten,Oberbayern,PB,917800,09178,LK Freising,186276,"170,49","48,55","26,06",73,8,52,16,57,78,16,22,30,"41,1","56,71","16,4","9,6","13,7","19,2","41,1",30.01.2025,überversorgt,,85-99,93
AV0500,Psychotherapeuten,Oberbayern,PB,917900,09179,LK Fürstenfeldbruck,217369,"138,72","55,5","25,53",100,15,53,34,75,75,25,25,28,28,"53,25",26,14,12,20,28,30.01.2025,überversorgt,,80-84,84
AV0500,Psychotherapeuten,Oberbayern,PB,918000,09180,LK Garmisch-Partenkirchen,88748,"135,45","19,45","21,92",38,6,21,11,26,68,12,32,15,"39,5","53,42","34,2","7,9","7,9","10,5","39,5",30.01.2025,überversorgt,,85-99,88
AV0500,Psychotherapeuten,Oberbayern,PB,918100,09181,LK Landsberg a. Lech,124311,"148,34","28,7","23,09",50,14,21,15,41,82,9,18,23,46,"56,3",20,12,8,14,46,30.01.2025,überversorgt,,85-99,98
AV0500,Psychotherapeuten,Oberbayern,PB,918200,09182,LK Miesbach,101451,"171,47","27,2","26,81",43,10,24,10,37,86,6,14,19,"44,2","55,93","23,3","11,6","16,3","4,7","44,2",30.01.2025,überversorgt,,85-99,91
AV0500,Psychotherapeuten,Oberbayern,PB,918300,09183,LK Mühldorf a. Inn,120732,"130,03","27,35","22,65",48,6,32,10,43,90,5,10,18,"37,5","52,77","35,4","8,3","14,6","4,2","37,5",30.01.2025,überversorgt,,100-114,112
AV0500,Psychotherapeuten,Oberbayern,PB,918400,09184,LK München,341706,"122,39","78,9","23,09",137,30,74,33,118,86,19,14,49,"35,8",54,"28,5",8,"13,9","13,9","35,8",30.01.2025,überversorgt,,80-84,84
AV0500,Psychotherapeuten,Oberbayern,PB,918500,09185,LK Neuburg-Schrobenhausen,101109,"113,97",19,"18,79",26,4,15,7,19,73,7,27,8,"30,8","52,65","38,5",0,"7,7","23,1","30,8",30.01.2025,überversorgt,Kinder- und Jugendlichenpsychotherapie,100-114,100
AV0500,Psychotherapeuten,Oberbayern,PB,918600,09186,LK Pfaffenhofen a.d. Ilm,132966,"110,56","22,75","17,11",35,3,21,11,29,83,6,17,5,"14,3","44,91","62,9","5,7","11,4","5,7","14,3",30.01.2025,überversorgt,,85-99,92
AV0500,Psychotherapeuten,Oberbayern,PB,918800,09188,LK Starnberg,139067,"287,94","56,7","40,77",102,23,56,25,88,86,14,14,45,"44,1","55,9","18,6","11,8","11,8","13,7","44,1",30.01.2025,überversorgt,,80-84,84
AV0500,Psychotherapeuten,Oberbayern,PB,918900,09189,LK Traunstein,181983,"132,48","39,7","21,82",72,16,39,18,52,72,20,28,24,"33,3","55,15","19,4","11,1","15,3","20,8","33,3",30.01.2025,überversorgt,,85-99,85
AV0500,Psychotherapeuten,Oberbayern,PB,919000,09190,LK Weilheim-Schongau,140236,"157,05","34,85","24,85",60,9,35,16,44,73,16,27,18,30,"53,25","31,7",5,"11,7","21,7",30,30.01.2025,überversorgt,,85-99,97
AV0500,Psychotherapeuten,Oberfranken,PB,946101,09471,KR Bamberg,229137,"139,31","60,2","26,27",111,14,75,24,84,76,27,24,38,"34,2","53,55","27,9","10,8","12,6","14,4","34,2",30.01.2025,überversorgt,,100-114,112
AV0500,Psychotherapeuten,Oberfranken,PB,946101,09461,KR Bamberg,229137,"139,31","60,2","26,27",111,14,75,24,84,76,27,24,38,"34,2","53,55","27,9","10,8","12,6","14,4","34,2",30.01.2025,überversorgt,,100-114,112
AV0500,Psychotherapeuten,Oberfranken,PB,946201,09472,KR Bayreuth,181534,"125,43","40,55","22,34",58,13,36,12,40,69,18,31,22,"37,9","53,07","37,9","5,2","8,6","10,3","37,9",30.01.2025,überversorgt,,115-129,119
AV0500,Psychotherapeuten,Oberfranken,PB,946201,09462,KR Bayreuth,181534,"125,43","40,55","22,34",58,13,36,12,40,69,18,31,22,"37,9","53,07","37,9","5,2","8,6","10,3","37,9",30.01.2025,überversorgt,,115-129,119
AV0500,Psychotherapeuten,Oberfranken,PB,946301,09473,KR Coburg,129398,"112,8",27,"20,87",46,3,30,13,36,78,10,22,11,"23,9","49,43",37,13,13,13,"23,9",30.01.2025,überversorgt,,115-129,115
AV0500,Psychotherapeuten,Oberfranken,PB,946301,09463,KR Coburg,129398,"112,8",27,"20,87",46,3,30,13,36,78,10,22,11,"23,9","49,43",37,13,13,13,"23,9",30.01.2025,überversorgt,,115-129,115
AV0500,Psychotherapeuten,Oberfranken,PB,946401,09475,KR Hof,147636,"108,28","28,5","19,30",42,3,31,9,33,79,9,21,13,31,"50,02","40,5","14,3","7,1","7,1",31,30.01.2025,ausreichend versorgt,,100-114,104
AV0500,Psychotherapeuten,Oberfranken,PB,946401,09464,KR Hof,147636,"108,28","28,5","19,30",42,3,31,9,33,79,9,21,13,31,"50,02","40,5","14,3","7,1","7,1",31,30.01.2025,ausreichend versorgt,,100-114,104
AV0500,Psychotherapeuten,Oberfranken,PB,947400,09474,LK Forchheim,117161,127,"24,5","20,91",39,4,24,13,32,82,7,18,11,"28,2","49,38",41,"15,4","15,4",0,"28,2",30.01.2025,überversorgt,Psychotherapie für Erwachsene,115-129,115
AV0500,Psychotherapeuten,Oberfranken,PB,947600,09476,LK Kronach,66962,"107,92","13,5","20,16",16,2,9,5,11,69,5,31,3,"18,8","50,19","37,5",25,"6,3","12,5","18,8",30.01.2025,ausreichend versorgt,,115-129,120
AV0500,Psychotherapeuten,Oberfranken,PB,947700,09477,LK Kulmbach,71956,"117,7","15,25","21,19",24,2,14,8,18,75,6,25,4,"16,7","49,5","37,5","8,3",25,"12,5","16,7",30.01.2025,überversorgt,,115-129,119
AV0500,Psychotherapeuten,Oberfranken,PB,947800,09478,LK Lichtenfels,67555,"145,24","18,25","27,02",28,1,21,6,22,79,6,21,6,"21,4","47,93",50,"14,3","3,6","10,7","21,4",30.01.2025,überversorgt,,115-129,119
AV0500,Psychotherapeuten,Oberfranken,PB,947900,09479,LK Wunsiedel i. Fichtelgeb.,71972,"107,23","13,5","18,76",18,3,11,4,15,83,3,17,7,"38,9","55,33","11,1","16,7","22,2","11,1","38,9",30.01.2025,ausreichend versorgt,,130-169,135
AV0500,Psychotherapeuten,Mittelfranken,PB,956200,09562,SK Erlangen,117806,"139,99",53,"44,99",87,16,57,16,70,80,17,20,28,"32,2","53,14","26,4","10,3","16,1","14,9","32,2",30.01.2025,überversorgt,,100-114,101
AV0500,Psychotherapeuten,Mittelfranken,PB,956300,09563,SK Fürth,132032,"187,04","50,2","38,02",88,7,66,18,64,73,24,27,32,"36,4","52,5","35,2",8,"6,8","13,6","36,4",30.01.2025,überversorgt,,85-99,98
AV0500,Psychotherapeuten,Mittelfranken,PB,956400,09564,SK Nürnberg,526091,"144,39","256,9","48,83",444,58,301,85,343,77,101,23,161,"36,3","52,97",30,"9,9","11,3","12,6","36,3",30.01.2025,überversorgt,,85-99,97
AV0500,Psychotherapeuten,Mittelfranken,PB,956101,09571,KR Ansbach,237181,"108,59","45,1","19,02",64,9,38,17,50,78,14,22,21,"32,8","51,67","29,7","20,3","9,4","7,8","32,8",30.01.2025,ausreichend versorgt,,115-129,119
AV0500,Psychotherapeuten,Mittelfranken,PB,956101,09561,KR Ansbach,237181,"108,59","45,1","19,02",64,9,38,17,50,78,14,22,21,"32,8","51,67","29,7","20,3","9,4","7,8","32,8",30.01.2025,ausreichend versorgt,,115-129,119
AV0500,Psychotherapeuten,Mittelfranken,PB,956501,09576,KR Schwabach / Roth,172221,"111,99","32,5","18,87",52,4,35,13,40,77,12,23,16,"30,8","49,58","44,2","15,4","7,7","1,9","30,8",30.01.2025,überversorgt,,100-114,99
AV0500,Psychotherapeuten,Mittelfranken,PB,956501,09565,KR Schwabach / Roth,172221,"111,99","32,5","18,87",52,4,35,13,40,77,12,23,16,"30,8","49,58","44,2","15,4","7,7","1,9","30,8",30.01.2025,überversorgt,,100-114,99
AV0500,Psychotherapeuten,Mittelfranken,PB,957200,09572,LK Erlangen-Höchstadt,144905,"112,82",26,"17,94",48,8,26,15,41,85,7,15,13,"27,1","52,75","27,1","10,4","16,7","18,8","27,1",30.01.2025,überversorgt,Kinder- und Jugendlichenpsychotherapie,100-114,112
AV0500,Psychotherapeuten,Mittelfranken,PB,957300,09573,LK Fürth,119826,114,"26,5","22,12",42,2,26,16,37,88,5,12,7,"16,7","49,88","35,7","14,3","14,3",19,"16,7",30.01.2025,überversorgt,,85-99,98
AV0500,Psychotherapeuten,Mittelfranken,PB,957500,09575,LK Neustadt a.d.Aisch-Bad Windsheim,103654,"113,01",20,"19,29",36,4,22,12,25,69,11,31,8,"22,2","48,92","38,9","19,4","11,1","8,3","22,2",30.01.2025,überversorgt,,100-114,106
AV0500,Psychotherapeuten,Mittelfranken,PB,957400,09574,LK Nürnberger Land,191535,"117,1",34,"17,75",55,11,28,16,44,80,11,20,16,"29,1","51,91","30,9","12,7","16,4","10,9","29,1",30.01.2025,überversorgt,,100-114,106
AV0500,Psychotherapeuten,Mittelfranken,PB,957700,09577,LK Weißenburg-Gunzenhausen,101049,"110,9",19,"18,80",29,5,14,10,23,79,6,21,11,"37,9","51,48","37,9","13,8","6,9","3,4","37,9",30.01.2025,überversorgt,Psychotherapie für Erwachsene,100-114,106
AV0500,Psychotherapeuten,Unterfranken,PB,966300,09663,SK Würzburg,128246,"199,96","85,4","66,59",155,29,107,19,121,78,34,22,50,"32,3","52,39","34,2","13,5","9,7","10,3","32,3",30.01.2025,überversorgt,,85-99,91
AV0500,Psychotherapeuten,Unterfranken,PB,966101,09671,KR Aschaffenburg,243429,"110,4",53,"21,77",83,9,54,22,60,72,23,28,24,"28,9","50,45",41,"8,4","10,8","10,8","28,9",30.01.2025,überversorgt,,100-114,102
AV0500,Psychotherapeuten,Unterfranken,PB,966101,09661,KR Aschaffenburg,243429,"110,4",53,"21,77",83,9,54,22,60,72,23,28,24,"28,9","50,45",41,"8,4","10,8","10,8","28,9",30.01.2025,überversorgt,,100-114,102
AV0500,Psychotherapeuten,Unterfranken,PB,966201,09678,KR Schweinfurt,171720,"113,3","34,25","19,95",57,8,35,14,44,77,13,23,18,"31,6","52,61","31,6","15,8","10,5","10,5","31,6",30.01.2025,überversorgt,,100-114,113
AV0500,Psychotherapeuten,Unterfranken,PB,966201,09662,KR Schweinfurt,171720,"113,3","34,25","19,95",57,8,35,14,44,77,13,23,18,"31,6","52,61","31,6","15,8","10,5","10,5","31,6",30.01.2025,überversorgt,,100-114,113
AV0500,Psychotherapeuten,Unterfranken,PB,967200,09672,LK Bad Kissingen,104898,"129,15",23,"21,93",35,6,22,7,30,86,5,14,11,"31,4","51,91","34,3","17,1","5,7","11,4","31,4",30.01.2025,überversorgt,Kinder- und Jugendlichenpsychotherapie,100-114,110
AV0500,Psychotherapeuten,Unterfranken,PB,967400,09674,LK Haßberge,85371,"109,75",17,"19,91",27,3,19,5,20,74,7,26,9,"33,3","52,93","29,6","11,1","7,4","18,5","33,3",30.01.2025,ausreichend versorgt,,100-114,105
AV0500,Psychotherapeuten,Unterfranken,PB,967500,09675,LK Kitzingen,93818,"110,78","17,5","18,65",32,3,18,11,28,88,4,13,6,"18,8","48,03","43,8","18,8","12,5","6,3","18,8",30.01.2025,überversorgt,Psychotherapie für Erwachsene,130-169,136
AV0500,Psychotherapeuten,Unterfranken,PB,967700,09677,LK Main-Spessart,127642,"109,3","22,7","17,78",35,5,19,12,22,63,13,37,9,"25,7","51,71","25,7","25,7","8,6","14,3","25,7",30.01.2025,ausreichend versorgt,,100-114,105
AV0500,Psychotherapeuten,Unterfranken,PB,967600,09676,LK Miltenberg,130716,"110,63","24,5","18,74",37,4,20,15,27,73,10,27,11,"29,7","51,22","37,8","16,2","5,4","10,8","29,7",30.01.2025,überversorgt,,100-114,100
AV0500,Psychotherapeuten,Unterfranken,PB,967300,09673,LK Rhön-Grabfeld,85890,"112,38",16,"18,63",27,5,13,9,21,78,6,22,7,"25,9","50,37",37,"7,4","7,4","22,2","25,9",30.01.2025,überversorgt,Psychotherapie für Erwachsene,100-114,103
AV0500,Psychotherapeuten,Unterfranken,PB,967900,09679,LK Würzburg,181681,"187,59","49,55","27,27",81,11,59,12,60,74,21,26,30,37,"52,95","34,6","9,9","4,9","13,6",37,30.01.2025,überversorgt,,100-114,99
AV0500,Psychotherapeuten,Oberpfalz,PB,936200,09362,SK Regensburg,159465,"184,65","96,2","60,33",168,22,122,26,134,80,34,20,64,"38,1","52,75",31,"13,7","8,3","8,9","38,1",30.01.2025,überversorgt,,85-99,91
AV0500,Psychotherapeuten,Oberpfalz,PB,936101,09371,KR Amberg / Amberg-Sulzbach,147843,"110,6","29,5","19,95",45,4,29,13,32,71,13,29,17,"37,8","51,69",40,"2,2","11,1","8,9","37,8",30.01.2025,überversorgt,,100-114,103
AV0500,Psychotherapeuten,Oberpfalz,PB,936101,09361,KR Amberg / Amberg-Sulzbach,147843,"110,6","29,5","19,95",45,4,29,13,32,71,13,29,17,"37,8","51,69",40,"2,2","11,1","8,9","37,8",30.01.2025,überversorgt,,100-114,103
AV0500,Psychotherapeuten,Oberpfalz,PB,936301,09374,KR Weiden i.d.OPf. / Neustadt a.d.Waldnaab,139588,"107,07",27,"19,34",40,2,29,9,31,78,9,23,10,25,"49,05","52,5",5,10,"7,5",25,30.01.2025,ausreichend versorgt,,130-169,169
AV0500,Psychotherapeuten,Oberpfalz,PB,936301,09363,KR Weiden i.d.OPf. / Neustadt a.d.Waldnaab,139588,"107,07",27,"19,34",40,2,29,9,31,78,9,23,10,25,"49,05","52,5",5,10,"7,5",25,30.01.2025,ausreichend versorgt,,130-169,169
AV0500,Psychotherapeuten,Oberpfalz,PB,937200,09372,LK Cham,132261,"112,94",27,"20,41",44,4,31,9,32,73,12,27,12,"27,3","49,59","45,5","11,4","6,8","9,1","27,3",30.01.2025,überversorgt,Kinder- und Jugendlichenpsychotherapie,85-99,94
AV0500,Psychotherapeuten,Oberpfalz,PB,937300,09373,LK Neumarkt i.d. OPf.,139277,"106,86","25,5","18,31",41,4,21,16,33,80,8,20,9,22,"47,24","46,3","14,6","9,8","7,3",22,30.01.2025,ausreichend versorgt,,100-114,102
AV0500,Psychotherapeuten,Oberpfalz,PB,937500,09375,LK Regensburg,200264,"126,18","41,35","20,65",68,13,40,16,55,81,13,19,23,"33,8","53,29",25,"11,8","14,7","14,7","33,8",30.01.2025,überversorgt,,85-99,90
AV0500,Psychotherapeuten,Oberpfalz,PB,937600,09376,LK Schwandorf,154301,"108,63","29,85","19,35",50,6,32,12,41,82,9,18,13,26,"49,6",40,10,14,10,26,30.01.2025,ausreichend versorgt,,85-99,98
AV0500,Psychotherapeuten,Oberpfalz,PB,937700,09377,LK Tirschenreuth,76560,"110,91",14,"18,29",20,1,12,7,15,75,5,25,3,15,"46,55",45,20,15,5,15,30.01.2025,überversorgt,Psychotherapie für Erwachsene,130-169,138
AV0500,Psychotherapeuten,Niederbayern,PB,926101,09274,KR Landshut,251058,"113,72",49,"19,52",77,12,47,20,58,75,19,25,24,"31,2","52,03","35,1","19,5","3,9","10,4","31,2",30.01.2025,überversorgt,Kinder- und Jugendlichenpsychotherapie,100-114,101
AV0500,Psychotherapeuten,Niederbayern,PB,926101,09261,KR Landshut,251058,"113,72",49,"19,52",77,12,47,20,58,75,19,25,24,"31,2","52,03","35,1","19,5","3,9","10,4","31,2",30.01.2025,überversorgt,Kinder- und Jugendlichenpsychotherapie,100-114,101
AV0500,Psychotherapeuten,Niederbayern,PB,926201,09275,KR Passau,249491,"115,1","51,4","20,60",83,19,48,18,58,70,25,30,34,41,"54,73","32,5","3,6","9,6","13,3",41,30.01.2025,überversorgt,,85-99,98
AV0500,Psychotherapeuten,Niederbayern,PB,926201,09262,KR Passau,249491,"115,1","51,4","20,60",83,19,48,18,58,70,25,30,34,41,"54,73","32,5","3,6","9,6","13,3",41,30.01.2025,überversorgt,,85-99,98
AV0500,Psychotherapeuten,Niederbayern,PB,926301,09278,KR Straubing / Straubing-Bogen,159604,"111,14","31,5","19,74",56,6,37,13,37,66,19,34,14,25,"50,3","37,5","8,9","10,7","17,9",25,30.01.2025,überversorgt,Kinder- und Jugendlichenpsychotherapie,100-114,110
AV0500,Psychotherapeuten,Niederbayern,PB,926301,09263,KR Straubing / Straubing-Bogen,159604,"111,14","31,5","19,74",56,6,37,13,37,66,19,34,14,25,"50,3","37,5","8,9","10,7","17,9",25,30.01.2025,überversorgt,Kinder- und Jugendlichenpsychotherapie,100-114,110
AV0500,Psychotherapeuten,Niederbayern,PB,927100,09271,LK Deggendorf,123129,"111,3","25,375","20,61",37,9,19,10,30,81,7,19,11,"29,7","51,68","35,1","16,2","2,7","16,2","29,7",30.01.2025,überversorgt,Psychotherapie für Erwachsene,115-129,125
AV0500,Psychotherapeuten,Niederbayern,PB,927900,09279,LK Dingolfing-Landau,101477,"112,63","20,75","20,45",31,3,18,10,24,77,7,23,6,"19,4","47,77","51,6","3,2","3,2","22,6","19,4",30.01.2025,überversorgt,,115-129,123
AV0500,Psychotherapeuten,Niederbayern,PB,927200,09272,LK Freyung-Grafenau,76833,"119,66","16,85","21,93",26,4,15,7,20,77,6,23,3,"11,5","47,85","46,2","3,8","19,2","19,2","11,5",30.01.2025,überversorgt,Psychotherapie für Erwachsene,85-99,92
AV0500,Psychotherapeuten,Niederbayern,PB,927300,09273,LK Kelheim,126949,"112,36","23,5","18,51",36,2,26,9,33,92,3,8,10,"27,8",49,"44,4","11,1","11,1","5,6","27,8",30.01.2025,überversorgt,Psychotherapie für Erwachsene,100-114,102
AV0500,Psychotherapeuten,Niederbayern,PB,927600,09276,LK Regen,77940,"113,62",16,"20,53",21,2,14,5,17,81,4,19,7,"33,3","52,24","33,3","14,3","9,5","9,5","33,3",30.01.2025,überversorgt,,100-114,100
AV0500,Psychotherapeuten,Niederbayern,PB,927700,09277,LK Rottal-Inn,124911,"120,46","25,5","20,41",40,8,24,9,30,75,10,25,12,30,"49,78",40,10,15,5,30,30.01.2025,überversorgt,,85-99,91
AV0500,Psychotherapeuten,Schwaben,PB,976100,09761,SK Augsburg,303150,"129,03","126,2","41,63",209,28,122,63,157,75,52,25,82,"39,2","53,6","30,6","12,9","10,5","6,7","39,2",30.01.2025,überversorgt,,85-99,98
AV0500,Psychotherapeuten,Schwaben,PB,976201,09777,KR Kaufbeuren / Ostallgäu,195639,"118,73","39,05","19,96",69,15,44,11,54,78,15,22,27,"39,1","54,12","26,1","10,1",13,"11,6","39,1",30.01.2025,überversorgt,Kinder- und Jugendlichenpsychotherapie,100-114,110
AV0500,Psychotherapeuten,Schwaben,PB,976201,09762,KR Kaufbeuren / Ostallgäu,195639,"118,73","39,05","19,96",69,15,44,11,54,78,15,22,27,"39,1","54,12","26,1","10,1",13,"11,6","39,1",30.01.2025,überversorgt,Kinder- und Jugendlichenpsychotherapie,100-114,110
AV0500,Psychotherapeuten,Schwaben,PB,976301,09780,KR Kempten / Oberallgäu,226516,"113,73",45,"19,87",81,21,47,15,55,68,26,32,35,"43,2","55,53","23,5","8,6","18,5","6,2","43,2",30.01.2025,überversorgt,Kinder- und Jugendlichenpsychotherapie,100-114,110
AV0500,Psychotherapeuten,Schwaben,PB,976301,09763,KR Kempten / Oberallgäu,226516,"113,73",45,"19,87",81,21,47,15,55,68,26,32,35,"43,2","55,53","23,5","8,6","18,5","6,2","43,2",30.01.2025,überversorgt,Kinder- und Jugendlichenpsychotherapie,100-114,110
AV0500,Psychotherapeuten,Schwaben,PB,976401,09778,KR Memmingen / Unterallgäu,240938,"116,31","38,7","16,06",67,18,39,12,47,70,20,30,27,"40,3","52,4","34,3","7,5",9,9,"40,3",30.01.2025,überversorgt,Psychotherapie für Erwachsene,100-114,113
AV0500,Psychotherapeuten,Schwaben,PB,976401,09764,KR Memmingen / Unterallgäu,240938,"116,31","38,7","16,06",67,18,39,12,47,70,20,30,27,"40,3","52,4","34,3","7,5",9,9,"40,3",30.01.2025,überversorgt,Psychotherapie für Erwachsene,100-114,113
AV0500,Psychotherapeuten,Schwaben,PB,977100,09771,LK Aichach-Friedberg,141049,"112,23","23,5","16,66",40,6,20,16,32,80,8,20,16,40,"53,55",30,0,20,10,40,30.01.2025,überversorgt,,100-114,100
AV0500,Psychotherapeuten,Schwaben,PB,977200,09772,LK Augsburg,264384,"112,26","45,75","17,30",71,11,39,23,62,87,9,13,35,"49,3","54,23","28,2",7,"8,5",7,"49,3",30.01.2025,überversorgt,Kinder- und Jugendlichenpsychotherapie,100-114,105
AV0500,Psychotherapeuten,Schwaben,PB,977300,09773,LK Dillingen,100141,"110,62",19,"18,97",26,2,17,8,20,77,6,23,12,"46,2","51,92","30,8","15,4","3,8","3,8","46,2",30.01.2025,überversorgt,,100-114,101
AV0500,Psychotherapeuten,Schwaben,PB,977900,09779,LK Donau-Ries,134055,"108,66","26,75","19,95",39,3,24,13,27,69,12,31,7,"17,9","48,26","46,2","12,8","17,9","5,1","17,9",30.01.2025,ausreichend versorgt,,85-99,98
AV0500,Psychotherapeuten,Schwaben,PB,977400,09774,LK Günzburg,131475,"109,95",25,"19,02",40,5,27,8,29,73,11,28,9,"22,5","51,35",30,"12,5",10,25,"22,5",30.01.2025,ausreichend versorgt,,85-99,95
AV0500,Psychotherapeuten,Schwaben,PB,977600,09776,LK Lindau,83671,"143,28","19,35","23,13",36,10,19,8,26,72,10,28,14,"38,9","54,67","27,8","2,8","16,7","13,9","38,9",30.01.2025,überversorgt,,85-99,98
AV0500,Psychotherapeuten,Schwaben,PB,977500,09775,LK Neu-Ulm,182317,"110,04","39,75","21,80",65,5,47,14,51,78,14,22,17,"26,2","50,34","43,1","9,2","7,7","13,8","26,2",30.01.2025,überversorgt,Kinder- und Jugendlichenpsychotherapie,85-99,96